{"IcoMoonType":"selection","icons":[{"icon":{"paths":["M563.2 1024c-56.554 0-102.4-45.846-102.4-102.4v0-307.2h-358.4c-56.554 0-102.4-45.846-102.4-102.4v0-102.4l117.76-313.344c23.921-54.755 76.246-93.003 137.847-96.24l0.393-0.016h409.6c56.554 0 102.4 45.846 102.4 102.4v0 409.6l-153.6 358.4v153.6h-51.2zM870.4 512v-512h153.6v512h-153.6z"],"attrs":[],"isMulticolor":false,"isMulticolor2":false,"tags":["thumbs-down"],"grid":20},"attrs":[],"properties":{"id":253,"order":3,"prevSize":20,"code":59648,"name":"dislike"},"setIdx":0,"setId":6,"iconIdx":252},{"icon":{"paths":["M563.2 0h51.2v153.6l153.6 358.4v409.6c0 56.554-45.846 102.4-102.4 102.4v0h-409.6c-56.32 0-118.272-43.008-138.24-96.256l-117.76-313.344v-102.4c0-56.554 45.846-102.4 102.4-102.4v0h358.4v-307.2c0-56.554 45.846-102.4 102.4-102.4v0zM870.4 512h153.6v512h-153.6v-512z"],"attrs":[],"isMulticolor":false,"isMulticolor2":false,"tags":["thumbs-up"],"grid":20},"attrs":[],"properties":{"id":254,"order":4,"prevSize":20,"code":59649,"name":"like"},"setIdx":0,"setId":6,"iconIdx":253}],"height":1024,"metadata":{"name":"icomoon"},"preferences":{"showGlyphs":true,"showQuickUse":true,"showQuickUse2":true,"showSVGs":true,"fontPref":{"prefix":"icon-","metadata":{"fontFamily":"icomoon"},"metrics":{"emSize":1024,"baseline":6.25,"whitespace":50},"embed":false},"imagePref":{"prefix":"icon-","png":true,"useClassSelector":true,"color":0,"bgColor":16777215,"classSelector":".icon","name":"icomoon"},"historySize":50,"showCodes":true,"gridSize":16}}